method,energy_mean,time_mean,carbon_mean,green_score
ctypes,0.19050509142204028,0.1825087907308858,0.1927058014769785,0.1885125835051774
pypy,0.39567390882767994,0.3495599790728052,0.3956485356154386,0.37998679955098297
cython,0.4661639389542927,0.41976401701366156,0.47621851481569843,0.45370597552874203
cpython,0.8608955636658978,0.8007509310025313,0.8553445149119286,0.8386145424715434
pycompile,0.8298028496980067,0.9152582918334713,0.8352808895388438,0.8606654531715409
