metric,n_subjects,methods,anova_F,anova_p,friedman_chi2,friedman_p
energy_j,15,"CPython,Ctypes,Cython,PyCompile,PyPy",2.9958495738493864,0.026028253820375904,21.100671140939635,0.00030244198615131434
time_s,15,"CPython,Ctypes,Cython,PyCompile,PyPy",2.6823617469545056,0.040635417917740786,22.595317725752547,0.0001525146417628903
carbon_g,15,"CPython,Ctypes,Cython,PyCompile,PyPy",2.995878553240435,0.02602718364508005,19.24067796610171,0.0007048200412051474
